{
  "session_id": "4976be00-15ff-4208-812c-962b62d37bd4",
  "municipio": "vigo",
  "ccaa": "galicia",
  "ccaa_nombre": "Galicia",
  "year": 2026,
  "data": {
    "municipio": "Vigo",
    "ccaa": "galicia",
    "year": 2026,
    "total_festivos": 14,
    "festivos": [
      {
        "fecha": "2026-01-01",
        "fecha_texto": "1 de enero",
        "descripcion": "Año Nuevo",
        "tipo": "nacional",
        "ambito": "nacional",
        "sustituible": false,
        "year": 2026
      },
      {
        "fecha": "2026-01-06",
        "fecha_texto": "6 de enero",
        "descripcion": "Epifanía del Señor",
        "tipo": "nacional",
        "ambito": "nacional",
        "sustituible": false,
        "year": 2026
      },
      {
        "fecha": "2026-03-19",
        "fecha_texto": "19 de marzo",
        "descripcion": "San José",
        "tipo": "autonomico",
        "ambito": "galicia",
        "ccaa": "galicia",
        "sustituible": false,
        "year": 2026
      },
      {
        "fecha": "2026-03-28",
        "fecha_texto": "28 de marzo",
        "descripcion": "fiesta de la Reconquista",
        "tipo": "local",
        "ambito": "local",
        "municipio": "Vigo",
        "provincia": "Pontevedra",
        "year": 2026
      },
      {
        "fecha": "2026-04-02",
        "fecha_texto": "2 de abril",
        "descripcion": "Jueves Santo",
        "tipo": "autonomico",
        "ambito": "galicia",
        "ccaa": "galicia",
        "sustituible": false,
        "year": 2026
      },
      {
        "fecha": "2026-04-03",
        "fecha_texto": "3 de abril",
        "descripcion": "Viernes Santo",
        "tipo": "nacional",
        "ambito": "nacional",
        "sustituible": false,
        "year": 2026
      },
      {
        "fecha": "2026-05-01",
        "fecha_texto": "1 de mayo",
        "descripcion": "Fiesta del Trabajo",
        "tipo": "nacional",
        "ambito": "nacional",
        "sustituible": false,
        "year": 2026
      },
      {
        "fecha": "2026-06-24",
        "fecha_texto": "24 de junio",
        "descripcion": "San Juan",
        "tipo": "autonomico",
        "ambito": "galicia",
        "ccaa": "galicia",
        "sustituible": false,
        "year": 2026
      },
      {
        "fecha": "2026-07-25",
        "fecha_texto": "25 de julio",
        "descripcion": "Santiago Apóstol/Día Nacional de Galicia",
        "tipo": "autonomico",
        "ambito": "galicia",
        "ccaa": "galicia",
        "sustituible": false,
        "year": 2026
      },
      {
        "fecha": "2026-08-15",
        "fecha_texto": "15 de agosto",
        "descripcion": "Asunción de la Virgen",
        "tipo": "nacional",
        "ambito": "nacional",
        "sustituible": false,
        "year": 2026
      },
      {
        "fecha": "2026-08-17",
        "fecha_texto": "17 de agosto",
        "descripcion": "Festivo local de Vigo",
        "tipo": "local",
        "ambito": "local",
        "municipio": "Vigo",
        "provincia": "Pontevedra",
        "year": 2026
      },
      {
        "fecha": "2026-10-12",
        "fecha_texto": "12 de octubre",
        "descripcion": "Fiesta Nacional de España",
        "tipo": "nacional",
        "ambito": "nacional",
        "sustituible": false,
        "year": 2026
      },
      {
        "fecha": "2026-12-08",
        "fecha_texto": "8 de diciembre",
        "descripcion": "Inmaculada Concepción",
        "tipo": "nacional",
        "ambito": "nacional",
        "sustituible": false,
        "year": 2026
      },
      {
        "fecha": "2026-12-25",
        "fecha_texto": "25 de diciembre",
        "descripcion": "Natividad del Señor",
        "tipo": "nacional",
        "ambito": "nacional",
        "sustituible": false,
        "year": 2026
      }
    ],
    "generado": "2026-01-14T07:56:39.405016"
  },
  "created_at": "2026-01-14T07:56:39.405325"
}