{
  "TENERIFE": [
    "ADEJE",
    "ARAFO",
    "ARICO",
    "ARONA",
    "BUENAVISTA DEL NORTE",
    "CANDELARIA",
    "EL ROSARIO",
    "EL SAUZAL",
    "EL TANQUE",
    "FASNIA",
    "GARACHICO",
    "GRANADILLA DE ABONA",
    "GUIA DE ISORA",
    "GÜÍMAR",
    "ICOD DE LOS VINOS",
    "LA GUANCHA",
    "LA MATANZA DE ACENTEJO",
    "LA OROTAVA",
    "LA VICTORIA DE ACENTEJO",
    "LOS REALEJOS",
    "LOS SILOS",
    "PUERTO DE LA CRUZ",
    "SAN CRISTOBAL DE LA LAGUNA",
    "SAN JUAN DE LA RAMBLA",
    "SAN MIGUEL DE ABONA",
    "SANTA CRUZ DE TENERIFE",
    "SANTA URSULA",
    "SANTIAGO DEL TEIDE",
    "TACORONTE",
    "TEGUESTE",
    "VILAFLOR"
  ],
  "GRAN CANARIA": [
    "AGAETE",
    "AGUIMES",
    "ARTENARA",
    "ARUCAS",
    "FIRGAS",
    "GALDAR",
    "INGENIO",
    "LA ALDEA DE SAN NICOLAS",
    "LAS PALMAS DE GRAN CANARIA",
    "MOGÁN",
    "MOYA",
    "SAN BARTOLOME DE TIRAJANA",
    "SANTA BRÍGIDA",
    "SANTA LUCÍA DE TIRAJANA",
    "SANTA MARIA DE GUIA DE GRAN CANARIA",
    "TEJEDA",
    "TELDE",
    "TEROR",
    "VALLESECO",
    "VALSEQUILLO DE GRAN CANARIA",
    "VEGA DE SAN MATEO"
  ],
  "LANZAROTE": [
    "ARRECIFE",
    "HARÍA",
    "SAN BARTOLOMÉ",
    "TEGUISE",
    "TINAJO",
    "TÍAS",
    "YAIZA"
  ],
  "FUERTEVENTURA": [
    "ANTIGUA",
    "BETANCURIA",
    "LA OLIVA",
    "PUERTO DEL ROSARIO",
    "PÁJARA",
    "TUINEJE"
  ],
  "LA PALMA": [
    "BARLOVENTO",
    "BREÑA ALTA",
    "BREÑA BAJA",
    "EL PASO",
    "FUENCALIENTE DE LA PALMA",
    "GARAFÍA",
    "LOS LLANOS DE ARIDANE",
    "PUNTAGORDA",
    "PUNTALLANA",
    "SAN ANDRÉS Y SAUCES",
    "SANTA CRUZ DE LA PALMA",
    "TAZACORTE",
    "TIJARAFE",
    "VILLA DE MAZO"
  ],
  "LA GOMERA": [
    "AGULO",
    "ALAJERÓ",
    "HERMIGUA",
    "SAN SEBASTIÁN DE LA GOMERA",
    "VALLE GRAN REY",
    "VALLEHERMOSO"
  ],
  "EL HIERRO": [
    "EL PINAR DE EL HIERRO",
    "FRONTERA",
    "VALVERDE"
  ],
  "LA GRACIOSA": [
    "LA GRACIOSA"
  ]
}